{
    "arrow_4wayShape": {
        "min": 0.0,
        "max": 94.0,
        "spans": 82,
        "degree": 3,
        "form": 0,
        "cv_len": 85,
        "cv_pose": [
            [
                -0.4709980014581512,
                -2.1320854170896563e-05,
                0.8674127454191958
            ],
            [
                -0.47107106814730404,
                -1.9261003547472297e-05,
                1.1854908143720484
            ],
            [
                -0.4710981074603532,
                -1.8035606660570188e-05,
                1.312663484281058
            ],
            [
                -0.6122502169927939,
                -1.6671350385175982e-05,
                1.312626114612595
            ],
            [
                -0.682835212821697,
                -1.36228892098583e-05,
                1.3947339905641487
            ],
            [
                -0.6122694599209081,
                -1.219022143950971e-05,
                1.4768792358238951
            ],
            [
                -0.11497052764757817,
                1.1377186801028505e-06,
                1.9244562391048265
            ],
            [
                -0.048579951948178046,
                5.5588618515441755e-06,
                2.0017218290940146
            ],
            [
                0.08419424480714834,
                5.555022630195296e-06,
                2.0017569807309936
            ],
            [
                0.1505778658532148,
                1.130038415143798e-06,
                1.9245265423787827
            ],
            [
                0.6480234931985828,
                -1.2226663336576874e-05,
                1.4772128239093667
            ],
            [
                0.7186172083090405,
                -1.3663411823221874e-05,
                1.395104950266222
            ],
            [
                0.6480427361397978,
                -1.670778986056201e-05,
                1.3129597026980708
            ],
            [
                0.506875909662842,
                -1.806388228168212e-05,
                1.3129223291333338
            ],
            [
                0.5069029489732694,
                -1.928927965292069e-05,
                1.1857496592243235
            ],
            [
                0.5060629719831993,
                -2.1349111503603444e-05,
                0.8676714198716438
            ],
            [
                0.5060806613829505,
                -2.1771697794727188e-05,
                0.7922200198970972
            ],
            [
                0.5061165974490371,
                -2.2630224223842007e-05,
                0.6389394441527806
            ],
            [
                0.5061556705079342,
                -2.2908894264114025e-05,
                0.4856588692389738
            ],
            [
                0.6603869065470969,
                -2.2585464523126804e-05,
                0.48569970157351305
            ],
            [
                0.8146210418580222,
                -2.1726119860846588e-05,
                0.48574053467562733
            ],
            [
                0.8851710806676838,
                -2.1333037294922525e-05,
                0.48575921262219907
            ],
            [
                1.1955196449815757,
                -1.933724741138175e-05,
                0.48584137662949267
            ],
            [
                1.33043965850825,
                -1.80411647745993e-05,
                0.48587709636610293
            ],
            [
                1.3304098299356353,
                -1.6689374044800134e-05,
                0.6261680910154928
            ],
            [
                1.4125342858742338,
                -1.3646283062250518e-05,
                0.6963353345333066
            ],
            [
                1.4946871491836884,
                -1.2217684374158716e-05,
                0.6262115830254718
            ],
            [
                1.9423353922069337,
                1.097407520064948e-06,
                0.13204473814035048
            ],
            [
                2.0196247534640643,
                5.511441801741721e-06,
                0.06608654000674474
            ],
            [
                2.019659687289143,
                5.511156488684954e-06,
                -0.06587077134254003
            ],
            [
                1.9424052617395537,
                1.0971848569816876e-06,
                -0.13186988455772075
            ],
            [
                1.495018683993416,
                -1.2217768646605048e-05,
                -0.6263274921088162
            ],
            [
                1.4129029623634142,
                -1.364636927204199e-05,
                -0.6964947333142439
            ],
            [
                1.3307413648685136,
                -1.668943555344211e-05,
                -0.6263709841187626
            ],
            [
                1.3306969100612598,
                -1.8041226283241394e-05,
                -0.4860799933416318
            ],
            [
                1.1957768965319635,
                -1.933730940436027e-05,
                -0.4861157130782426
            ],
            [
                0.8854281634037116,
                -2.1333081127353737e-05,
                -0.4852904508945134
            ],
            [
                0.814878124594051,
                -2.1726163693278152e-05,
                -0.48530912884108524
            ],
            [
                0.6606439892829611,
                -2.2585508385829333e-05,
                -0.4853499619431995
            ],
            [
                0.5064127534810935,
                -2.2908894264114025e-05,
                -0.48539079427767595
            ],
            [
                0.5064548417521882,
                -2.26302184118069e-05,
                -0.638671368393213
            ],
            [
                0.5065000666761201,
                -2.1771749013286668e-05,
                -0.7919519416783278
            ],
            [
                0.5065223284200343,
                -2.1349161874574293e-05,
                -0.8674033404423566
            ],
            [
                0.506620459808231,
                -1.920486540830646e-05,
                -1.1942462930289182
            ],
            [
                0.5066579807581497,
                -1.8063858786662128e-05,
                -1.312654069893416
            ],
            [
                0.6478248072377267,
                -1.670776588120564e-05,
                -1.3126166963286787
            ],
            [
                0.7184427650167391,
                -1.366338639085702e-05,
                -1.394724563553638
            ],
            [
                0.6478925355134308,
                -1.2226636935539451e-05,
                -1.4768698047036044
            ],
            [
                0.1507379657617527,
                1.1300650730340533e-06,
                -1.9244467697649188
            ],
            [
                0.08439524714011257,
                5.555047465824257e-06,
                -2.0017123470840636
            ],
            [
                -0.048378949615213954,
                5.55888668717298e-06,
                -2.001747498721042
            ],
            [
                -0.11481042775875744,
                1.1377416934705159e-06,
                -1.9245170730388794
            ],
            [
                -0.6124004176060598,
                -1.2190195038472128e-05,
                -1.4772033927890746
            ],
            [
                -0.6830096561035173,
