{
    "bean_4_allShape": {
        "min": 0.0,
        "max": 8.0,
        "spans": 8,
        "degree": 3,
        "form": 2,
        "cv_len": 8,
        "cv_pose": [
            [
                -1.9122902381240456,
                -0.2599856835296004,
                -0.6437708559649633
            ],
            [
                -2.0341330003562867,
                -0.2662798272693016,
                -0.00016080524404776025
            ],
            [
                -1.919004076027061,
                -0.26003325609490036,
                0.646998238227069
            ],
            [
                -1.7838108744497816,
                0.0010741714582362344,
                0.8763519836555592
            ],
            [
                -1.9187129895926156,
                0.24840030373104527,
                0.6526551840016652
            ],
            [
                -2.0303193819985474,
                0.24445689254455963,
                -0.0001599195461467407
            ],
            [
                -1.90975794295302,
                0.2482235456427648,
                -0.6411440533601894
            ],
            [
                -1.7838118612210159,
                0.0010741462793684793,
                -0.8753103076819984
            ]
        ]
    },
    "bean_4_allShape1": {
        "min": 0.0,
        "max": 8.0,
        "spans": 8,
        "degree": 3,
        "form": 2,
        "cv_len": 8,
        "cv_pose": [
            [
                1.912290238124056,
                -0.2599856835296004,
                -0.6437708559649643
            ],
            [
                2.034133000356298,
                -0.2662798272693016,
                -0.0001608052440489127
            ],
            [
                1.9190040760270721,
                -0.26003325609490036,
                0.6469982382270678
            ],
            [
                1.7838108744497931,
                0.0010741714582362344,
                0.8763519836555581
            ],
            [
                1.9187129895926267,
                0.24840030373104527,
                0.6526551840016641
            ],
            [
                2.0303193819985585,
                0.24445689254455963,
                -0.00015991954614789095
            ],
            [
                1.9097579429530305,
                0.2482235456427648,
                -0.6411440533601904
            ],
            [
                1.7838118612210263,
                0.0010741462793684793,
                -0.8753103076819994
            ]
        ]
    },
    "bean_4_allShape2": {
        "min": 0.0,
        "max": 8.0,
        "spans": 8,
        "degree": 3,
        "form": 2,
        "cv_len": 8,
        "cv_pose": [
            [
                0.643770855964968,
                -0.2599856835296004,
                -1.9122902381240514
            ],
            [
                0.00016080524405244414,
                -0.2662798272693016,
                -2.0341330003562925
            ],
            [
                -0.6469982382270644,
                -0.26003325609490036,
                -1.9190040760270664
            ],
            [
                -0.8763519836555544,
                0.0010741714582362344,
                -1.7838108744497867
            ],
            [
                -0.6526551840016606,
                0.24840030373104527,
                -1.918712989592621
            ],
            [
                0.00015991954615142626,
                0.24445689254455963,
                -2.030319381998553
            ],
            [
                0.6411440533601941,
                0.2482235456427648,
                -1.9097579429530258
            ],
            [
                0.8753103076820031,
                0.0010741462793684793,
                -1.7838118612210219
            ]
        ]
    },
    "bean_4_allShape3": {
        "min": 0.0,
        "max": 8.0,
        "spans": 8,
        "degree": 3,
        "form": 2,
        "cv_len": 8,
        "cv_pose": [
            [
                0.6437708559649707,
                -0.2599856835296004,
                1.9122902381240503
            ],
            [
                0.00016080524405540325,
                -0.2662798272693016,
                2.034133000356292
            ],
            [
                -0.6469982382270614,
                -0.26003325609490036,
                1.9190040760270668
            ],
            [
                -0.8763519836555518,
                0.0010741714582362344,
                1.783810874449788
            ],
            [
                -0.6526551840016577,
                0.24840030373104527,
                1.9187129895926214
            ],
            [
                0.00015991954615437982,
                0.24445689254455963,
                2.0303193819985528
            ],
            [
                0.6411440533601969,
                0.2482235456427648,
                1.9097579429530247
            ],
            [
                0.8753103076820057,
                0.0010741462793684793,
                1.7838118612210203
            ]
        ]
    }
}