{
    "circle_halfed_doubleShape": {
        "min": 0.0,
        "max": 1.0,
        "spans": 28,
        "degree": 3,
        "form": 2,
        "cv_len": 28,
        "cv_pose": [
            [
                -0.12012947211614589,
                1.8887522740206297,
                0.7837749052987071
            ],
            [
                -0.1201294721161459,
                2.0506340221139463,
                -3.3094861672691965e-16
            ],
            [
                -0.12012947211614589,
                1.8887522740206297,
                -0.7837749052987047
            ],
            [
                -0.12012947211614586,
                1.448896543737433,
                -1.4521631835705426
            ],
            [
                -0.12012947211614583,
                0.845388618217293,
                -1.8494313697898972
            ],
            [
                -0.1201294721161458,
                0.40864540577229347,
                -1.964511272379201
            ],
            [
                -0.12377111963731188,
                0.203955215735885,
                -1.987909301595727
            ],
            [
                -0.1252699921471975,
                0.11684590819973614,
                -1.9960903650019446
            ],
            [
                -6.297282530637886e-19,
                0.07081486739562318,
                -2.0024219147577265
            ],
            [
                0.1229004278341011,
                0.11442391092509033,
                -1.996939512489149
            ],
            [
                0.12523491231065667,
                0.1975973545248616,
                -1.9897816519858602
            ],
            [
                0.12012947211614579,
                0.4054111344575182,
                -1.9662361630329226
            ],
            [
                0.12012947211614583,
                0.8478355870746328,
                -1.8500304429608432
            ],
            [
                0.12012947211614586,
                1.4521580263831473,
                -1.4521631835705395
            ],
            [
                0.12012947211614589,
                1.8922032835666112,
                -0.7837749052987072
            ],
            [
                0.1201294721161459,
                2.0536661452112486,
                -3.6238030293788907e-16
            ],
            [
                0.12012947211614589,
                1.892203283566609,
                0.7837749052987063
            ],
            [
                0.12012947211614586,
                1.4521580263831497,
                1.4521631835705417
            ],
            [
                0.12012947211614583,
                0.8315373312718803,
                1.8607607120147294
            ],
            [
                0.12012947211614579,
                0.3709295395175661,
                1.9749964280196508
            ],
            [
                0.11444631485463758,
                0.1515452244738944,
                1.993903041241988
            ],
            [
                0.11289585493646696,
                0.08732132244554945,
                1.9980762393662945
            ],
            [
                0.0,
                0.08036304701753383,
                2.0012045222250148
            ],
            [
                -0.11678951360400763,
                0.08756972462978843,
                1.9979933087593078
            ],
            [
                -0.11750685447065223,
                0.15162551302926983,
                1.9937126008770374
            ],
            [
                -0.1201294721161458,
                0.3692632235614247,
                1.9745845715062713
            ],
            [
                -0.12012947211614583,
                0.8282745233902997,
                1.8606969806016314
            ],
            [
                -0.12012947211614586,
                1.4488965437374333,
                1.4521631835705398
            ]
        ]
    },
    "circle_halfed_doubleShape1": {
        "min": 0.0,
        "max": 1.0,
        "spans": 28,
        "degree": 3,
        "form": 2,
        "cv_len": 28,