{
    "curveShape1": {
        "min": 0.0,
        "max": 3.0,
        "spans": 3,
        "degree": 3,
        "form": 0,
        "cv_len": 6,
        "cv_pose": [
            [
                0.0,
                2.7298833500787945,
                6.867097868210638
            ],
            [
                0.0,
                4.86631379796655,
                5.4767224973630535
            ],
            [
                0.0,
                3.577673210351712,
                2.3907674059696307
            ],
            [
                0.0,
                6.901009462621552,
                0.01695579720545979
            ],
            [
                0.0,
                2.6281485668460447,
                -5.34107611971938
            ],
            [
                0.0,
                6.527981924101466,
                -10.868666008698806
            ]
        ]
    }
}