{
    "halfcircleShape": {
        "min": 0.0,
        "max": 1.0,
        "spans": 28,
        "degree": 3,
        "form": 2,
        "cv_len": 28,
        "cv_pose": [
            [
                1.8887522740206297,
                -0.1200000000000001,
                0.7837749052987071
            ],
            [
                2.0506340221139463,
                -0.12000000000000012,
                -3.3094861672691965e-16
            ],
            [
                1.8887522740206297,
                -0.1200000000000001,
                -0.7837749052987047
            ],
            [
                1.448896543737433,
                -0.12000000000000008,
                -1.4521631835705426
            ],
            [
                0.845388618217293,
                -0.12000000000000005,
                -1.8494313697898972
            ],
            [
                0.40864540577229347,
                -0.12000000000000002,
                -1.964511272379201
            ],
            [
                0.203955215735885,
                -0.12363772265741274,
                -1.987909301595727
            ],
            [
                -0.0012398901395932194,
                -0.12513497972529009,
                -1.9960903650019446
            ],
            [
                -0.047270930943706185,
                -6.290495499272085e-19,
                -2.0024219147577265
            ],
            [
                -0.0036618874142390345,
                0.12276796926097495,
                -1.996939512489149
            ],
            [
                0.1975973545248616,
                0.12509993769679578,
                -1.9897816519858602
            ],
            [
                0.4054111344575182,
                0.12000000000000001,
                -1.9662361630329226
            ],
            [
                0.8478355870746328,
                0.12000000000000005,
                -1.8500304429608432
            ],
            [
                1.4521580263831473,
                0.12000000000000008,
                -1.4521631835705395
            ],
            [
                1.8922032835666112,
                0.1200000000000001,
                -0.7837749052987072
            ],
            [
                2.0536661452112486,
                0.12000000000000012,
                -3.6238030293788907e-16
            ],
            [
                1.892203283566609,
                0.1200000000000001,
                0.7837749052987063
            ],
            [
                1.4521580263831497,
                0.12000000000000008,
                1.4521631835705417
            ],
            [
                0.8315373312718803,
                0.12000000000000005,
                1.8607607120147294
            ],
            [
                0.3709295395175661,
                0.12000000000000001,
                1.9749964280196508
            ],
            [
                0.1515452244738944,
                0.11432296788317176,
                1.993903041241988
            ],
            [
                -0.03076447589377991,
                0.11277417900644557,
                1.9980762393662945
            ],
            [
                -0.037722751321795533,
                0.0,
                2.0012045222250148
            ],
            [
                -0.03051607370954093,
                -0.11666364119981255,
                1.9979933087593078
            ],
            [
                0.15162551302926983,
                -0.11738020893694642,
                1.9937126008770374
            ],
            [
                0.3692632235614247,
                -0.12000000000000002,
                1.9745845715062713
            ],
            [
                0.8282745233902997,
                -0.12000000000000005,
                1.8606969806016314
            ],
            [
                1.4488965437374333,
                -0.12000000000000008,
                1.4521631835705398
            ]
        ]
    }
}