{
    "halfcircle2Shape": {
        "min": 0.0,
        "max": 28.0,
        "spans": 28,
        "degree": 3,
        "form": 2,
        "cv_len": 28,
        "cv_pose": [
            [
                0.7837749052987075,
                -0.1200000000000001,
                -1.8887522740206295
            ],
            [
                1.2438360455919947e-16,
                -0.12000000000000012,
                -2.0506340221139463
            ],
            [
                -0.7837749052987043,
                -0.1200000000000001,
                -1.88875227402063
            ],
            [
                -1.4521631835705424,
                -0.12000000000000008,
                -1.4488965437374333
            ],
            [
                -1.849431369789897,
                -0.12000000000000005,
                -0.8453886182172935
            ],
            [
                -1.964511272379201,
                -0.12000000000000002,
                -0.4086454057722939
            ],
            [
                -1.987909301595727,
                -0.12363772265741274,
                -0.20395521573588543
            ],
            [
                -1.9960903650019446,
                -0.12513497972529009,
                0.0012398901395927761
            ],
            [
                -2.0024219147577265,
                -6.290495499272085e-19,
                0.04727093094370574
            ],
            [
                -1.996939512489149,
                0.12276796926097495,
                0.0036618874142385913
            ],
            [
                -1.9897816519858602,
                0.12509993769679578,
                -0.19759735452486205
            ],
            [
                -1.9662361630329226,
                0.12000000000000001,
                -0.40541113445751864
            ],
            [
                -1.850030442960843,
                0.12000000000000005,
                -0.8478355870746332
            ],
            [
                -1.4521631835705393,
                0.12000000000000008,
                -1.4521580263831475
            ],
            [
                -0.7837749052987067,
                0.1200000000000001,
                -1.8922032835666114
            ],
            [
                9.362518492345459e-17,
                0.12000000000000012,
                -2.0536661452112486
            ],
            [
                0.7837749052987067,
                0.1200000000000001,
                -1.8922032835666087
            ],
            [
                1.452163183570542,
                0.12000000000000008,
                -1.4521580263831495
            ],
            [
                1.8607607120147296,
                0.12000000000000005,
                -0.8315373312718799
            ],
            [
                1.9749964280196508,
                0.12000000000000001,
                -0.37092953951756563
            ],
            [
                1.993903041241988,
                0.11432296788317176,
                -0.15154522447389396
            ],
            [
                1.9980762393662945,
                0.11277417900644557,
                0.030764475893780355
            ],
            [
                2.0012045222250148,
                0.0,
                0.03772275132179598
            ],
            [
                1.9979933087593078,
                -0.11666364119981255,
                0.030516073709541375
            ],
            [
                1.9937126008770374,
                -0.11738020893694642,
                -0.15162551302926938
            ],
            [
                1.9745845715062713,
                -0.12000000000000002,
                -0.36926322356142427
            ],
            [
                1.8606969806016316,
                -0.12000000000000005,
                -0.8282745233902993
            ],
            [
                1.45216318357054,
                -0.12000000000000008,
                -1.448896543737433
            ]
        ]
    }
}