{
    "middle_circleShape": {
        "min": 0.0,
        "max": 9.0,
        "spans": 9,
        "degree": 3,
        "form": 0,
        "cv_len": 12,
        "cv_pose": [
            [
                -31.014963200268127,
                0.0,
                15.061406686380309
            ],
            [
                -21.058592750200212,
                0.0,
                35.90835765016075
            ],
            [
                3.399839701606478,
                0.0,
                45.00631995519285
            ],
            [
                35.42744372490429,
                0.0,
                37.57173903527641
            ],
            [
                48.723002701597224,
                0.0,
                25.723052819654498
            ],
            [
                56.72448805838101,
                0.0,
                -2.7341053437961023
            ],
            [
                49.9490154294819,
                0.0,
                -48.133088901103946
            ],
            [
                25.69484433057789,
                0.0,
                -61.448614241651626
            ],
            [
                -5.82436937468875,
                0.0,
                -64.41708968554431
            ],
            [
                -34.54259986287384,
                0.0,
                -50.85370809299832
            ],
            [
                -43.52216441976695,
                0.0,
                -11.00205081607831
            ],
            [
                -30.87531931032708,
                0.0,
                16.069329467858722
            ]
        ]
    }
}