{
    "narutoShape": {
        "min": 0.0,
        "max": 22.0,
        "spans": 22,
        "degree": 3,
        "form": 0,
        "cv_len": 25,
        "cv_pose": [
            [
                -2.2647201313985157,
                0.0,
                7.591135264424972
            ],
            [
                -2.0768031432796086,
                0.0,
                5.13228678584974
            ],
            [
                1.6370373971077719,
                0.0,
                5.371233923662842
            ],
            [
                3.3254364866717694,
                0.0,
                3.6828348340982515
            ],
            [
                2.8902452342905427,
                0.0,
                1.6574555682891017
            ],
            [
                0.19741147320289443,
                0.0,
                0.7680135114423514
            ],
            [
                -3.6150915228193803,
                0.0,
                1.7209573588875813
            ],
            [
                -7.637463830522346,
                0.0,
                4.775174898971841
            ],
            [
                -7.368522067158267,
                0.0,
                8.952780870437152
            ],
            [
                -4.699952005503981,
                0.0,
                10.271017440169262
            ],
            [
                -2.3577906511865088,
                0.0,
                11.268120380309027
            ],
            [
                -0.06848363852898842,
                0.0,
                10.546273861344252
            ],
            [
                0.5189834287683723,
                0.0,
                9.619476804680989
            ],
            [
                1.5017717195855305,
                0.0,
                7.917200578176468
            ],
            [
                3.601083359557993,
                0.0,
                6.661122982169207
            ],
            [
                5.3555441016017795,
                0.0,
                5.060776471726289
            ],
            [
                5.635955272385424,
                0.0,
                3.0175027506957974
            ],
            [
                4.48621875285221,
                0.0,
                0.8752377873157826
            ],
            [
                2.2477419719415934,
                0.0,
                -0.6634831686626974
            ],
            [
                -1.287975886708022,
                0.0,
                -1.1086280401928406
            ],
            [
                -6.672369745826185,
                0.0,
                0.1310622032344959
            ],
            [
                -13.663283770928299,
                0.0,
                4.851507333742251
            ],
            [
                -12.833038608011474,
                0.0,
                11.517927082979218
            ],
            [
                -7.079139332681773,
                0.0,
                13.238204383796958
            ],
            [
                -5.0325479983787815,
                0.0,
                12.839182385357102
            ]
        ]
    }
}