{
    "outter_circleShape": {
        "min": 0.0,
        "max": 23.0,
        "spans": 23,
        "degree": 3,
        "form": 0,
        "cv_len": 26,
        "cv_pose": [
            [
                -36.86648498831203,
                0.0,
                28.170164475005663
            ],
            [
                -28.863329646333476,
                0.0,
                52.86512871746487
            ],
            [
                -11.16937545068946,
                0.0,
                66.4615574193785
            ],
            [
                2.622401057692345,
                0.0,
                64.58399503187988
            ],
            [
                11.201466976840296,
                0.0,
                58.352882103040486
            ],
            [
                21.860158337897072,
                0.0,
                51.355231712924024
            ],
            [
                35.76430829849291,
                0.0,
                49.13438949972223
            ],
            [
                54.7512697845959,
                0.0,
                48.53782165095879
            ],
            [
                68.37853274367282,
                0.0,
                42.27994853641792
            ],
            [
                75.63332703660988,
                0.0,
                23.35404579731926
            ],
            [
                75.16056526945772,
                0.0,
                2.0692489040675355
            ],
            [
                67.50974183151071,
                0.0,
                -13.91242164139851
            ],
            [
                62.54611435578545,
                0.0,
                -32.83536049927159
            ],
            [
                60.72879354308882,
                0.0,
                -59.127898055337255
            ],
            [
                47.730098790222684,
                0.0,
                -88.76169343931207
            ],
            [
                30.197987028571248,
                0.0,
                -96.33898761920256
            ],
            [
                10.712809674670096,
                0.0,
                -85.34586937716756
            ],
            [
                -2.493897860622271,
                0.0,
                -74.95335772838087
            ],
            [
                -17.202668074653666,
                0.0,
                -75.12483382657945
            ],
            [
                -33.14620545282938,
                0.0,
                -77.78136961870109
            ],
            [
                -53.50506761665054,
                0.0,
                -68.88768736998662
            ],
            [
                -61.669871978156415,
                0.0,
                -52.38971327938856
            ],
            [
                -59.29893314287953,
                0.0,
                -6.811300237387172
            ],
            [
                -45.267554722121886,
                0.0,
                16.268135695185038
            ],
            [
                -39.677167074247386,
                0.0,
                21.778539054841815
            ],
            [
                -36.166137548975335,
                0.0,
                29.014772339484807
            ]
        ]
    }
}