{
    "sphere2Shape": {
        "min": 0.0,
        "max": 8.0,
        "spans": 8,
        "degree": 3,
        "form": 2,
        "cv_len": 8,
        "cv_pose": [
            [
                0.06417241778744927,
                0.06417241778744928,
                -2.4568851007549127e-17
            ],
            [
                5.557049382631599e-18,
                0.09075350356528318,
                5.557049382631595e-18
            ],
            [
                -0.06417241778744927,
                0.06417241778744927,
                3.242770561124377e-17
            ],
            [
                -0.09075350356528321,
                4.704677650692073e-18,
                4.030265168943146e-17
            ],
            [
                -0.06417241778744927,
                -0.06417241778744927,
                2.4568851007549127e-17
            ],
            [
                -9.090840521297555e-18,
                -0.09075350356528322,
                -5.557049382631597e-18
            ],
            [
                0.06417241778744927,
                -0.06417241778744927,
                -3.242770561124377e-17
            ],
            [
                0.09075350356528321,
                -1.237602323814781e-17,
                -4.030265168943146e-17
            ]
        ]
    },
    "sphere2Shape_1": {
        "min": 0.0,
        "max": 8.0,
        "spans": 8,
        "degree": 3,
        "form": 2,
        "cv_len": 8,
        "cv_pose": [
            [
                0.0641724177874493,
                -1.817856645654555e-17,
                0.06417241778744927
            ],
            [
                2.5708375227347318e-17,
                -2.5708375227347318e-17,
                0.09075350356528318
            ],
            [
                -0.06417241778744925,
                -1.8178566456545543e-17,
                0.06417241778744928
            ],
            [
                -0.09075350356528321,
                -1.3327267115445527e-33,
                2.4856003495407805e-17
            ],
            [
                -0.0641724177874493,
                1.8178566456545546e-17,
                -0.06417241778744925
            ],
            [
                -2.9242166366013287e-17,
                2.5708375227347336e-17,
                -0.09075350356528322
            ],
            [
                0.06417241778744925,
                1.8178566456545543e-17,
                -0.06417241778744928
            ],
            [
                0.09075350356528321,
                3.505842052696086e-33,
                -3.252734908286354e-17
            ]
        ]
    },
    "sphere2Shape_2": {
        "min": 0.0,
        "max": 8.0,
        "spans": 8,
        "degree": 3,
        "form": 2,
        "cv_len": 8,
        "cv_pose": [
            [
                -3.929427301847322e-18,
                0.06417241778744928,
                0.06417241778744927
            ],
            [
                -5.557049382631597e-18,
                0.09075350356528318,
                5.557049382631597e-18
            ],
            [
                -3.929427301847321e-18,
                0.06417241778744927,
                -0.06417241778744927
            ],
            [
                -2.8807842129700682e-34,
                4.704677650692073e-18,
                -0.09075350356528321
            ],
            [
                3.929427301847322e-18,
                -0.06417241778744927,
                -0.06417241778744927
            ],
            [
                5.557049382631601e-18,
                -0.09075350356528322,
                -9.090840521297553e-18
            ],
            [
                3.929427301847321e-18,
                -0.06417241778744927,
                0.06417241778744927
            ],
            [
                7.578128622385488e-34,
                -1.237602323814781e-17,
                0.09075350356528321
            ]
        ]
    }
}