{
    "sphereShape": {
        "min": 0.0,
        "max": 8.0,
        "spans": 8,
        "degree": 3,
        "form": 2,
        "cv_len": 8,
        "cv_pose": [
            [
                1.567223249782449,
                1.5672232497824492,
                -6.000221878347656e-16
            ],
            [
                1.357146464622183e-16,
                2.2163883751087754,
                1.357146464622182e-16
            ],
            [
                -1.567223249782449,
                1.5672232497824488,
                7.919516814743045e-16
            ],
            [
                -2.2163883751087763,
                1.148979647504966e-16,
                9.842741622229207e-16
            ],
            [
                -1.567223249782449,
                -1.567223249782449,
                6.000221878347656e-16
            ],
            [
                -2.2201713939206454e-16,
                -2.2163883751087767,
                -1.3571464646221824e-16
            ],
            [
                1.567223249782449,
                -1.5672232497824488,
                -7.919516814743045e-16
            ],
            [
                2.2163883751087763,
                -3.022481001559918e-16,
                -9.842741622229207e-16
            ]
        ]
    },
    "sphereShape1": {
        "min": 0.0,
        "max": 8.0,
        "spans": 8,
        "degree": 3,
        "form": 2,
        "cv_len": 8,
        "cv_pose": [
            [
                1.5672232497824494,
                -4.4395821414703704e-16,
                1.5672232497824488
            ],
            [
                6.278517275736783e-16,
                -6.278517275736783e-16,
                2.2163883751087754
            ],
            [
                -1.5672232497824485,
                -4.4395821414703694e-16,
                1.5672232497824492
            ],
            [
                -2.2163883751087763,
                -3.254794442772625e-32,
                6.07035045861957e-16
            ],
            [
                -1.5672232497824494,
                4.43958214147037e-16,
                -1.5672232497824485
            ],
            [
                -7.141542205035249e-16,
                6.278517275736787e-16,
                -2.2163883751087767
            ],
            [
                1.5672232497824485,
                4.4395821414703694e-16,
                -1.5672232497824492
            ],
            [
                2.2163883751087763,
                8.561991840869869e-32,
                -7.943851812674521e-16
            ]
        ]
    },
    "sphereShape2": {
        "min": 0.0,
        "max": 8.0,
        "spans": 8,
        "degree": 3,
        "form": 2,
        "cv_len": 8,
        "cv_pose": [
            [
                -9.596474681976946e-17,
                1.5672232497824492,
                1.567223249782449
            ],
            [
                -1.3571464646221824e-16,
                2.2163883751087754,
                1.3571464646221824e-16
            ],
            [
                -9.596474681976944e-17,
                1.5672232497824488,
                -1.567223249782449
            ],
            [
                -7.035471238012054e-33,
                1.148979647504966e-16,
                -2.2163883751087763
            ],
            [
                9.596474681976945e-17,
                -1.567223249782449,
                -1.567223249782449
            ],
            [
                1.3571464646221834e-16,
                -2.2163883751087767,
                -2.220171393920645e-16
            ],
            [
                9.596474681976944e-17,
                -1.5672232497824488,
                1.567223249782449
            ],
            [
                1.8507358420220198e-32,
                -3.022481001559918e-16,
                2.2163883751087763
            ]
        ]
    }
}