{
    "squareShape": {
        "min": 0.0,
        "max": 5.65685424949238,
        "spans": 4,
        "degree": 1,
        "form": 0,
        "cv_len": 5,
        "cv_pose": [
            [
                -0.7071067811865476,
                6.123233995736766e-17,
                -0.7071067811865475
            ],
            [
                -0.7071067811865476,
                7.498798913309288e-33,
                0.7071067811865475
            ],
            [
                0.7071067811865475,
                -6.123233995736766e-17,
                0.7071067811865476
            ],
            [
                0.7071067811865477,
                -1.4997597826618576e-32,
                -0.7071067811865474
            ],
            [
                -0.7071067811865474,
                6.123233995736766e-17,
                -0.7071067811865477
            ]
        ]
    }
}